j,Polarity,Coverage,Overlaps,Conflicts,Correct,Incorrect,Emp. Acc.
0,"[np.int64(0), np.int64(1), np.int64(2)]",1.0,0.9634703196347032,0.6575342465753424,785,91,0.8961187214611872
1,[np.int64(0)],0.3047945205479452,0.3047945205479452,0.2636986301369863,182,85,0.6816479400749064
2,[np.int64(1)],0.2557077625570776,0.2557077625570776,0.11757990867579908,161,63,0.71875
3,[np.int64(2)],0.3082191780821918,0.3082191780821918,0.2922374429223744,164,106,0.6074074074074074
4,"[np.int64(0), np.int64(1)]",0.8584474885844748,0.8584474885844748,0.6164383561643836,297,455,0.3949468085106383
5,[],0.0,0.0,0.0,0,0,0.0
6,"[np.int64(0), np.int64(1)]",0.01598173515981735,0.01598173515981735,0.012557077625570776,7,7,0.5
7,[np.int64(0)],0.2659817351598174,0.2659817351598174,0.228310502283105,141,92,0.6051502145922747
